frame_idx,det_idx,class_id,class_name,conf,x1,y1,x2,y2,median_depth,X,Y,Z,dist_law_of_cosines,dist_euclidean_3d
0,0,0,person,0.8821,497.82,171.41,610.22,388.29,8.3472,4.2743,0.7279,8.3472,,
0,1,0,person,0.8548,9.21,172.21,153.12,399.57,4.3398,-2.268,0.4358,4.3398,,
0,2,0,person,0.7953,145.76,179.32,240.43,380.44,4.9375,-1.3711,0.4309,4.9375,,
0,3,5,bus,0.7219,1.98,100.49,602.37,329.43,7.5055,-0.2927,-0.4113,7.5055,,
0,pair,5,drone->target,,,,,,,,,,4.0976,4.7816
1,0,0,person,0.8872,500.64,171.35,612.11,387.09,8.7369,4.5189,0.7498,8.7369,,
1,1,0,person,0.8628,11.69,170.54,157.65,402.19,4.2747,-2.2012,0.4337,4.2747,,
1,2,0,person,0.8417,147.68,179.1,243.43,380.6,4.8763,-1.3278,0.4252,4.8763,,
1,3,5,bus,0.8208,2.08,99.65,604.97,331.81,7.4111,-0.2672,-0.3936,7.4111,,
1,pair,5,drone->target,,,,,,,,,,4.2955,5.0963
2,0,0,person,0.8843,502.51,175.92,613.25,390.69,9.0674,4.7197,0.8592,9.0674,,
2,1,0,person,0.8681,13.12,172.12,164.81,403.7,4.201,-2.1237,0.4404,4.201,,
2,2,5,bus,0.8254,0.0,99.83,606.2,331.23,7.2782,-0.2692,-0.3897,7.2782,,
2,3,0,person,0.7517,150.15,181.8,244.14,380.03,4.8879,-1.314,0.4376,4.8879,,
2,pair,5,drone->target,,,,,,,,,,4.5215,5.4451
3,0,0,person,0.8647,504.74,175.56,616.24,388.34,9.0396,4.7569,0.8297,9.0396,,
3,1,0,person,0.8439,151.45,179.34,246.5,380.56,4.8809,-1.2926,0.4266,4.8809,,
3,2,0,person,0.8381,15.9,174.18,168.28,402.68,4.1795,-2.0843,0.4429,4.1795,,
3,3,5,bus,0.8344,3.74,99.26,604.59,330.16,7.276,-0.2521,-0.4027,7.276,,
3,pair,5,drone->target,,,,,,,,,,4.5206,5.4516
4,0,0,person,0.8751,507.21,175.07,618.36,390.32,8.9534,4.7565,0.8364,8.9534,,
4,1,0,person,0.8523,18.48,172.49,169.27,403.93,4.1524,-2.0546,0.4381,4.1524,,
4,2,0,person,0.8342,153.97,179.9,247.17,380.46,4.8248,-1.2609,0.4242,4.8248,,
4,3,5,bus,0.813,0.0,99.27,606.78,330.12,7.1972,-0.2616,-0.3985,7.1972,,
4,pair,5,drone->target,,,,,,,,,,4.5188,5.4581
5,0,0,person,0.8662,21.5,171.59,168.85,403.87,4.1767,-2.0547,0.4362,4.1767,,
5,1,0,person,0.8536,155.41,179.15,249.06,381.45,4.8906,-1.2602,0.4313,4.8906,,
5,2,0,person,0.8518,508.68,182.36,620.36,387.98,8.6802,4.6443,0.858,8.6802,,
5,3,5,bus,0.8193,0.0,98.61,606.4,330.38,7.2299,-0.2657,-0.4035,7.2299,,
5,pair,5,drone->target,,,,,,,,,,3.8187,3.637
6,0,0,person,0.8612,24.13,169.6,173.0,403.06,4.1927,-2.0315,0.425,4.1927,,
6,1,0,person,0.8526,510.73,173.25,621.02,389.77,8.4941,4.5699,0.7715,8.4941,,
6,2,0,person,0.8336,159.37,179.32,251.99,380.76,4.8095,-1.2031,0.4214,4.8095,,
6,3,5,bus,0.7929,0.0,99.87,607.85,330.51,7.269,-0.2557,-0.3946,7.269,,
6,pair,5,drone->target,,,,,,,,,,3.8292,3.6453
7,0,0,person,0.8661,512.6,170.88,623.86,387.63,8.821,4.7912,0.7577,8.821,,
7,1,0,person,0.8578,161.25,180.13,255.1,380.53,4.8744,-1.1927,0.4301,4.8744,,
7,2,0,person,0.8539,24.7,172.14,171.93,403.12,4.2157,-2.045,0.4394,4.2157,,
7,3,5,bus,0.7655,0.0,99.09,606.83,330.43,7.3308,-0.266,-0.4049,7.3308,,
7,4,0,person,0.3449,0.05,259.92,44.83,382.91,3.8429,-2.5022,0.6846,3.8429,,
7,pair,5,drone->target,,,,,,,,,,4.4963,5.3989
8,0,0,person,0.8835,514.91,172.11,626.07,389.26,8.6421,4.7368,0.7694,8.6421,,
8,1,0,person,0.8441,27.63,171.12,173.49,402.78,4.2054,-2.0193,0.432,4.2054,,
8,2,0,person,0.8426,164.16,180.99,257.21,380.27,4.8316,-1.1557,0.4296,4.8316,,
8,3,5,bus,0.7752,0.0,99.47,607.88,331.34,7.194,-0.2528,-0.3872,7.194,,
8,4,0,person,0.3555,0.01,263.1,47.44,388.87,4.2039,-2.7254,0.791,4.2039,,
8,pair,5,drone->target,,,,,,,,,,4.4235,5.3227
9,0,0,person,0.8715,165.35,178.9,259.32,380.34,4.8942,-1.153,0.4243,4.8942,,
9,1,0,person,0.863,517.05,171.63,628.33,387.63,8.9648,4.9568,0.7774,8.9648,,
9,2,0,person,0.8348,29.37,171.41,171.69,403.34,4.1756,-2.0052,0.4328,4.1756,,
9,3,5,bus,0.7878,0.0,98.64,609.32,331.93,7.1964,-0.2416,-0.3892,7.1964,,
9,4,0,person,0.4771,0.05,256.57,48.95,386.67,4.0348,-2.6088,0.7206,4.0348,,
9,pair,5,drone->target,,,,,,,,,,2.5835,2.6063
10,0,0,person,0.871,518.41,171.26,629.8,389.61,8.7979,4.8917,0.7784,8.7979,,
10,1,0,person,0.8497,167.52,180.68,260.26,380.53,4.8851,-1.1342,0.4341,4.8851,,
10,2,0,person,0.8485,30.87,171.93,180.27,403.94,4.1366,-1.9409,0.4339,4.1366,,
10,3,5,bus,0.7454,0.0,99.4,609.75,331.5,7.1518,-0.2367,-0.3842,7.1518,,
10,4,0,person,0.5222,0.02,253.06,51.52,386.87,3.7217,-2.3961,0.6512,3.7217,,
10,pair,5,drone->target,,,,,,,,,,4.5442,5.5101
11,0,0,person,0.867,168.82,179.98,262.07,380.57,4.8437,-1.1081,0.4269,4.8437,,
11,1,0,person,0.8499,521.12,173.37,632.49,387.5,8.942,5.0247,0.7912,8.942,,
11,2,0,person,0.8211,31.14,174.8,184.45,404.12,4.1485,-1.9263,0.449,4.1485,,
11,3,5,bus,0.6869,0.0,98.83,611.96,330.8,7.1636,-0.2198,-0.3948,7.1636,,
11,4,0,person,0.5547,0.0,249.02,53.63,386.02,3.5795,-2.2964,0.6072,3.5795,,
11,5,5,bus,0.3142,0.02,143.29,24.64,259.96,6.7788,-4.5637,-0.5692,6.7788,,
11,pair,5,drone->target,,,,,,,,,,2.5859,2.6166
12,0,0,person,0.8783,524.43,174.98,635.1,389.54,8.8653,5.0391,0.8198,8.8653,,
12,1,0,person,0.8686,171.06,179.58,263.84,380.76,4.8288,-1.0835,0.4245,4.8288,,
12,2,0,person,0.8459,33.71,174.01,185.66,403.2,4.1511,-1.9104,0.4415,4.1511,,
12,3,5,bus,0.7285,0.0,99.28,614.94,329.11,7.3742,-0.2022,-0.4164,7.3742,,
12,4,0,person,0.4704,0.0,241.54,55.82,388.09,3.6072,-2.3055,0.5905,3.6072,,
12,pair,5,drone->target,,,,,,,,,,4.5953,5.5877
13,0,0,person,0.8686,36.13,171.71,185.55,403.74,4.208,-1.9259,0.4394,4.208,,
13,1,0,person,0.8589,526.08,173.04,637.66,388.63,9.0149,5.1657,0.8055,9.0149,,
13,2,0,person,0.8589,172.58,178.88,267.05,381.3,4.8443,-1.062,0.425,4.8443,,
13,3,5,bus,0.681,0.0,98.91,614.57,329.67,7.4473,-0.2072,-0.419,7.4473,,
13,4,0,person,0.4743,0.0,243.06,56.97,387.78,3.7578,-2.397,0.6202,3.7578,,
13,pair,5,drone->target,,,,,,,,,,3.9339,3.7662
14,0,0,person,0.8754,527.74,174.33,638.52,389.41,9.0592,5.216,0.83,9.0592,,
14,1,0,person,0.8701,39.19,167.91,192.1,403.48,4.1948,-1.8757,0.4194,4.1948,,
14,2,0,person,0.8486,174.83,180.29,269.12,381.01,4.8064,-1.031,0.4275,4.8064,,
14,3,5,bus,0.813,0.91,99.33,624.85,329.48,7.2978,-0.1137,-0.4087,7.2978,,
14,4,0,person,0.4856,0.0,242.3,59.24,388.24,3.5605,-2.2623,0.5864,3.5605,,
14,5,7,truck,0.2719,14.29,100.9,611.56,336.77,7.3209,-0.1134,-0.3391,7.3209,,
14,pair,5,drone->target,,,,,,,,,,4.667,5.7483
15,0,0,person,0.8836,529.8,172.25,639.63,388.44,8.9677,5.1945,0.7917,8.9677,,
15,1,0,person,0.8634,39.23,171.6,194.13,403.54,4.0711,-1.8112,0.4238,4.0711,,
15,2,0,person,0.8467,176.72,180.03,271.14,381.18,4.7224,-0.9927,0.4195,4.7224,,
15,3,5,bus,0.8071,5.17,99.07,636.78,330.27,7.1715,0.0153,-0.3974,7.1715,,
15,4,0,person,0.5486,0.0,243.02,60.65,386.84,3.6501,-2.3136,0.5985,3.6501,,
15,pair,5,drone->target,,,,,,,,,,4.518,5.6092
16,0,0,person,0.8921,532.17,174.57,639.68,388.97,9.1384,5.3175,0.8353,9.1384,,
16,1,0,person,0.8563,42.37,166.41,194.87,403.62,4.1869,-1.845,0.4124,4.1869,,
16,2,5,bus,0.8117,6.92,99.09,638.02,329.94,7.2697,0.0393,-0.4054,7.2697,,
16,3,0,person,0.7646,179.22,180.43,272.47,380.58,4.8135,-0.9917,0.4266,4.8135,,
16,4,0,person,0.3757,0.02,246.4,62.92,387.21,4.0885,-2.5812,0.6871,4.0885,,
16,pair,5,drone->target,,,,,,,,,,4.5999,5.735
17,0,0,person,0.8759,533.76,175.58,639.68,387.33,9.1243,5.3251,0.8276,9.1243,,
17,1,0,person,0.8665,42.93,166.75,193.69,403.29,4.1359,-1.8253,0.4075,4.1359,,
17,2,0,person,0.8233,180.11,178.52,275.47,380.61,4.7992,-0.9683,0.4155,4.7992,,
17,3,5,bus,0.8091,9.17,99.14,638.22,330.98,7.3239,0.0592,-0.3997,7.3239,,
17,4,0,person,0.3667,4.27,245.61,64.08,385.62,3.842,-2.4029,0.6357,3.842,,
17,pair,5,drone->target,,,,,,,,,,4.5739,5.6989
18,0,0,person,0.878,535.0,178.8,639.7,390.73,8.8733,5.1908,0.8692,8.8733,,
18,1,0,person,0.8682,45.87,170.14,198.67,404.28,4.1487,-1.795,0.4286,4.1487,,
18,2,5,bus,0.849,13.32,99.74,638.52,329.99,7.3097,0.0947,-0.402,7.3097,,
18,3,0,person,0.7615,182.31,179.64,275.48,380.55,4.8307,-0.963,0.4238,4.8307,,
18,4,0,person,0.3966,5.96,245.88,66.46,386.98,3.4517,-2.1434,0.5772,3.4517,,
18,pair,5,drone->target,,,,,,,,,,4.3997,5.4801
19,0,0,person,0.8569,45.83,172.9,201.53,403.93,4.1804,-1.7958,0.4429,4.1804,,
19,1,0,person,0.8564,536.3,179.76,639.7,389.62,9.1905,5.3895,0.8987,9.1905,,
19,2,0,person,0.8458,183.64,179.3,278.42,380.64,4.8313,-0.9406,0.4225,4.8313,,
19,3,5,bus,0.8375,28.82,99.92,638.4,329.19,7.4882,0.223,-0.417,7.4882,,
19,4,0,person,0.3631,8.93,246.57,69.24,385.71,3.5415,-2.1769,0.59,3.5415,,
19,pair,5,drone->target,,,,,,,,,,4.097,3.9694
20,0,0,person,0.8661,539.17,180.13,639.75,390.23,9.2296,5.442,0.9124,9.2296,,
20,1,0,person,0.8585,50.95,172.32,202.38,404.42,4.1971,-1.7756,0.4442,4.1971,,
20,2,0,person,0.8399,186.03,179.65,279.55,381.09,4.858,-0.927,0.4291,4.858,,
20,3,5,bus,0.8229,14.65,99.82,638.13,328.91,7.418,0.1037,-0.4161,7.418,,
20,4,0,person,0.2935,10.45,245.74,70.9,385.92,3.6283,-2.2176,0.602,3.6283,,
20,pair,5,drone->target,,,,,,,,,,4.615,5.7917
21,0,0,person,0.87,53.49,170.24,202.17,404.1,4.2,-1.7661,0.4335,4.2,,
21,1,0,person,0.8569,188.08,178.75,281.56,381.47,4.8354,-0.9013,0.4244,4.8354,,
21,2,0,person,0.802,541.19,188.19,639.84,389.14,8.9572,5.3021,0.9537,8.9572,,
21,3,5,bus,0.7965,17.46,99.11,637.95,329.3,7.2231,0.1218,-0.4077,7.2231,,
21,4,0,person,0.4303,13.04,246.81,72.99,385.57,3.6089,-2.1873,0.6017,3.6089,,
21,pair,5,drone->target,,,,,,,,,,3.7798,3.6621
22,0,0,person,0.8637,55.52,167.42,205.63,404.09,4.212,-1.7459,0.4217,4.212,,
22,1,0,person,0.8316,191.45,179.68,283.75,380.93,4.8738,-0.8788,0.4298,4.8738,,
22,2,5,bus,0.7878,11.42,99.8,637.95,329.35,7.2404,0.0742,-0.4028,7.2404,,
22,3,0,person,0.7706,543.32,183.38,639.85,389.63,9.1285,5.4248,0.9289,9.1285,,
22,4,0,person,0.4493,14.19,247.8,76.06,386.58,3.6691,-2.2069,0.6197,3.6691,,
22,pair,5,drone->target,,,,,,,,,,3.7499,3.6281
23,0,0,person,0.8661,54.7,171.67,207.23,403.98,4.161,-1.7211,0.4354,4.161,,
23,1,0,person,0.8604,193.79,180.38,287.34,380.66,4.842,-0.8416,0.4293,4.842,,
23,2,0,person,0.7788,544.41,201.52,639.72,389.01,8.9076,5.3029,1.0772,8.9076,,
23,3,5,bus,0.7259,12.18,99.25,637.92,330.17,7.2629,0.0802,-0.4019,7.2629,,
23,4,0,person,0.6473,16.29,247.97,78.18,385.98,3.938,-2.3504,0.6633,3.938,,
23,pair,5,drone->target,,,,,,,,,,3.8039,3.6834
24,0,0,person,0.866,59.07,171.72,208.39,403.88,4.1745,-1.7014,0.4366,4.1745,,
24,1,0,person,0.8471,195.65,180.88,289.38,380.67,4.9131,-0.833,0.4383,4.9131,,
24,2,5,bus,0.7459,15.83,99.66,638.58,329.14,7.2444,0.1142,-0.4058,7.2444,,
24,3,0,person,0.6382,547.17,199.56,639.73,388.72,8.9588,5.3605,1.0614,8.9588,,
24,4,0,person,0.6194,17.48,247.84,80.03,387.39,3.4039,-2.0203,0.5781,3.4039,,
24,pair,5,drone->target,,,,,,,,,,3.7769,3.6648
25,0,0,person,0.8717,197.57,179.33,291.48,380.32,4.8779,-0.8056,0.4251,4.8779,,
25,1,0,person,0.8448,60.86,170.92,206.75,403.66,4.1686,-1.6984,0.4313,4.1686,,
25,2,5,bus,0.7278,21.14,98.77,638.52,331.71,7.3098,0.1573,-0.3961,7.3098,,
25,3,0,person,0.7094,548.56,200.79,639.7,388.17,8.8181,5.2895,1.0512,8.8181,,
25,4,0,person,0.6648,20.22,246.24,81.54,385.9,3.5303,-2.0789,0.5876,3.5303,,
25,pair,5,drone->target,,,,,,,,,,2.6708,2.7414
26,0,0,person,0.8576,199.42,179.79,292.48,380.33,4.8852,-0.7916,0.4282,4.8852,,
26,1,0,person,0.8526,62.78,170.34,213.84,403.96,4.244,-1.6873,0.4379,4.244,,
26,2,5,bus,0.7258,26.81,99.81,638.65,330.19,7.3931,0.2059,-0.4044,7.3931,,
26,3,0,person,0.6543,21.65,246.58,84.05,387.3,3.5712,-2.0876,0.6013,3.5712,,
26,4,0,person,0.5595,551.42,196.24,639.71,389.38,9.0265,5.4429,1.0431,9.0265,,
26,pair,5,drone->target,,,,,,,,,,2.7512,2.8245
27,0,0,person,0.8634,200.8,180.04,294.16,380.66,4.8829,-0.7748,0.4311,4.8829,,
27,1,0,person,0.8494,63.35,174.39,216.46,402.93,4.2371,-1.6697,0.4511,4.2371,,
27,2,5,bus,0.6383,27.94,99.35,638.58,329.91,7.255,0.2105,-0.4027,7.255,,
27,3,0,person,0.5552,552.97,222.16,639.87,389.17,8.7748,5.3074,1.2609,8.7748,,
27,4,0,person,0.5351,24.23,246.37,85.66,386.5,3.4755,-2.0157,0.5813,3.4755,,
27,pair,5,drone->target,,,,,,,,,,2.618,2.7005
28,0,0,person,0.8661,202.59,180.57,295.79,380.38,4.8849,-0.7569,0.4326,4.8849,,
28,1,0,person,0.854,65.84,173.31,218.42,403.31,4.1946,-1.6326,0.4434,4.1946,,
28,2,0,person,0.6254,555.41,222.85,639.87,389.54,8.38,5.091,1.2138,8.38,,
28,3,5,bus,0.609,27.05,99.05,638.87,329.49,7.16,0.2031,-0.4031,7.16,,
28,4,0,person,0.4526,25.76,246.38,88.31,387.54,3.6918,-2.1243,0.6217,3.6918,,
28,pair,5,drone->target,,,,,,,,,,2.5164,2.6069
29,0,0,person,0.8698,68.37,170.63,217.92,403.56,4.2143,-1.6308,0.4343,4.2143,,
29,1,0,person,0.8628,204.31,179.26,298.93,381.11,4.9481,-0.7403,0.435,4.9481,,
29,2,0,person,0.6133,557.93,246.3,639.87,388.92,7.2598,4.4305,1.2329,7.2598,,
29,3,5,bus,0.5961,28.57,98.85,638.65,329.96,7.2136,0.2148,-0.404,7.2136,,
29,4,0,person,0.5217,26.59,244.52,89.77,386.18,3.8626,-2.2128,0.6368,3.8626,,
29,pair,5,drone->target,,,,,,,,,,3.711,3.6201
